scenario,field,count,min,p50,p90,p99,max,mean
l1-1x10x1xc0-beam,process_count,2,126.0,126.0,126.0,126.0,126.0,126.0
l1-1x10x1xc0-beam,memory_total_bytes,2,62126857.0,62948515.0,62948515.0,62948515.0,62948515.0,62537686.0
l1-1x10x1xc0-beam,reductions,2,39131162.0,65215572.0,65215572.0,65215572.0,65215572.0,52173367.0
l1-1x10x1xc0-db,waiting_locks,2,0.0,0.0,0.0,0.0,0.0,0.0
l1-2x10x1xc0-beam,process_count,1,148.0,148.0,148.0,148.0,148.0,148.0
l1-2x10x1xc0-beam,memory_total_bytes,1,63414529.0,63414529.0,63414529.0,63414529.0,63414529.0,63414529.0
l1-2x10x1xc0-beam,reductions,1,46069821.0,46069821.0,46069821.0,46069821.0,46069821.0,46069821.0
l1-2x10x1xc0-db,waiting_locks,1,0.0,0.0,0.0,0.0,0.0,0.0
l1-1x50x1xc0-beam,process_count,3,197.0,206.0,206.0,206.0,206.0,203.0
l1-1x50x1xc0-beam,memory_total_bytes,3,64912473.0,65626179.0,65877931.0,65877931.0,65877931.0,65472194.333333336
l1-1x50x1xc0-beam,reductions,3,38235671.0,66656553.0,88021279.0,88021279.0,88021279.0,64304501.0
l1-1x50x1xc0-db,waiting_locks,3,0.0,0.0,0.0,0.0,0.0,0.0
l1-4x10x2xc0-beam,process_count,1,192.0,192.0,192.0,192.0,192.0,192.0
l1-4x10x2xc0-beam,memory_total_bytes,1,65641297.0,65641297.0,65641297.0,65641297.0,65641297.0,65641297.0
l1-4x10x2xc0-beam,reductions,1,54521888.0,54521888.0,54521888.0,54521888.0,54521888.0,54521888.0
l1-4x10x2xc0-db,waiting_locks,1,0.0,0.0,0.0,0.0,0.0,0.0
