commit,dirty,timestamp_unix_ms,repeat,submitters,mode,total_submissions,elapsed_ms,inserted,existing,contended,other_errors,admissions_per_sec,contended_rate,latency_p50_ms,latency_p99_ms,latency_max_ms,row_count
548c31e,1,1790480790093,1,4,hot,1500,379,10,1490,0,0,3957.7836411609496,0.0,1.0,2.0,17.0,10
548c31e,1,1790480792014,2,4,hot,1500,369,10,1490,0,0,4065.040650406504,0.0,1.0,2.0,17.0,10
548c31e,1,1790480793930,3,4,hot,1500,371,10,1490,0,0,4043.1266846361186,0.0,1.0,2.0,16.0,10
548c31e,1,1790480797512,1,16,hot,1488,234,10,1478,0,0,6358.974358974358,0.0,2.0,18.0,21.0,10
548c31e,1,1790480799305,2,16,hot,1488,240,10,1478,0,0,6.2e3,0.0,2.0,19.0,22.0,10
548c31e,1,1790480801094,3,16,hot,1488,242,10,1478,0,0,6148.760330578512,0.0,2.0,15.0,18.0,10
548c31e,1,1790480804820,1,64,hot,1472,259,10,1462,0,0,5683.397683397683,0.0,10.0,34.0,39.0,10
548c31e,1,1790480806690,2,64,hot,1472,251,10,1462,0,0,5864.5418326693225,0.0,9.0,32.0,38.0,10
548c31e,1,1790480808539,3,64,hot,1472,252,10,1462,0,0,5841.269841269841,0.0,10.0,36.0,42.0,10
548c31e,1,1790480813882,1,4,cold,4000,1116,4000,0,0,0,3584.229390681003,0.0,1.0,2.0,16.0,4000
548c31e,1,1790480816563,2,4,cold,4000,1129,4000,0,0,0,3542.9583702391496,0.0,1.0,2.0,15.0,4000
548c31e,1,1790480819231,3,4,cold,4000,1121,4000,0,0,0,3568.242640499554,0.0,1.0,2.0,15.0,4000
548c31e,1,1790480823679,1,16,cold,4000,667,4000,0,0,0,5997.001499250375,0.0,3.0,4.0,18.0,4000
548c31e,1,1790480825909,2,16,cold,4000,681,4000,0,0,0,5873.715124816446,0.0,3.0,4.0,18.0,4000
548c31e,1,1790480828124,3,16,cold,4000,669,4000,0,0,0,5979.073243647234,0.0,3.0,4.0,18.0,4000
548c31e,1,1790480832701,1,64,cold,3968,703,3968,0,0,0,5644.381223328592,0.0,11.0,33.0,38.0,3968
548c31e,1,1790480834983,2,64,cold,3968,706,3968,0,0,0,5620.3966005665725,0.0,11.0,45.0,59.0,3968
548c31e,1,1790480837321,3,64,cold,3968,734,3968,0,0,0,5405.994550408719,0.0,11.0,33.0,39.0,3968
