commit,dirty,timestamp_unix_ms,repeat,consumers,concurrency,queues,cost_ms,job_count,elapsed_ms,jobs_per_sec,pool_size,db_cpu_ms,db_cpu_pct_of_core
25894a6,0,1790477278171,1,1,10,1,0,12000,12446,964.1651936365098,10,10670,85.73035513417966
25894a6,0,1790477294670,2,1,10,1,0,12000,12185,984.8173984407058,10,10430,85.59704554780467
25894a6,0,1790477311399,3,1,10,1,0,12000,12369,970.1673538685424,10,10590,85.61726897889886
25894a6,0,1790477346581,1,2,10,1,0,20000,12645,1581.6528272044286,20,18440,145.82839066824832
25894a6,0,1790477361986,2,2,10,1,0,20000,11431,1749.6282040066487,20,17130,149.85565567316945
25894a6,0,1790477379265,3,2,10,1,0,20000,13276,1506.4778547755348,20,19410,146.20367580596564
25894a6,0,1790477417932,1,1,50,1,0,10000,16478,606.8697657482703,50,13000,78.89306954727515
25894a6,0,1790477434110,2,1,50,1,0,10000,13110,762.7765064836003,50,10430,79.5575896262395
25894a6,0,1790477449666,3,1,50,1,0,10000,12396,806.7118425298482,50,10010,80.75185543723782
25894a6,0,1790477482210,1,4,10,2,0,30000,10975,2733.485193621868,40,27700,252.39179954441914
25894a6,0,1790477498208,2,4,10,2,0,30000,10817,2773.4122215031894,40,27220,251.64093556438937
25894a6,0,1790477514610,3,4,10,2,0,30000,11063,2711.7418421766247,40,27790,251.1976859802947
25894a6,0,1790477543159,1,4,10,1,10,25000,9543,2619.72126165776,40,23940,250.86450801634706
25894a6,0,1790477557197,2,4,10,1,10,25000,9185,2721.829069134458,40,23540,256.2874251497006
25894a6,0,1790477571407,3,4,10,1,10,25000,9506,2629.9179465600673,40,23770,250.0525983589312
