commit,dirty,timestamp_unix_ms,label,function,sample_count,percent,reduction_rate_per_sec
25894a6,0,1790477779627,profile-1x50,prim_inet:recv0/3,2508,76.04608853850819,12409122.153628174
25894a6,0,1790477779627,profile-1x50,erlang:bif_handle_signals_return/2,527,15.979381443298967,12409122.153628174
25894a6,0,1790477779627,profile-1x50,pgo_pool:checkout_call/4,159,4.821103699211644,12409122.153628174
25894a6,0,1790477779627,profile-1x50,gen:do_call/4,91,2.7592480291085506,12409122.153628174
25894a6,0,1790477779627,profile-1x50,erlang:port_control/3,8,0.2425712553062462,12409122.153628174
25894a6,0,1790477779627,profile-1x50,gleam_erlang_ffi:select/2,3,0.09096422073984232,12409122.153628174
25894a6,0,1790477779627,profile-1x50,erts_internal:is_process_alive/1,1,0.030321406913280776,12409122.153628174
25894a6,0,1790477779627,profile-1x50,pgo_handler:receive_loop0/6,1,0.030321406913280776,12409122.153628174
25894a6,0,1790477796274,profile-5x10,prim_inet:recv0/3,13167,70.77129803816179,33112478.42435094
25894a6,0,1790477796274,profile-5x10,erlang:bif_handle_signals_return/2,4392,23.60655737704918,33112478.42435094
25894a6,0,1790477796274,profile-5x10,pgo_pool:checkout_call/4,534,2.8701961838215535,33112478.42435094
25894a6,0,1790477796274,profile-5x10,gen:do_call/4,345,1.8543402311206665,33112478.42435094
25894a6,0,1790477796274,profile-5x10,erlang:port_control/3,93,0.499865627519484,33112478.42435094
25894a6,0,1790477796274,profile-5x10,gleam_erlang_ffi:select/2,46,0.24724536414942216,33112478.42435094
25894a6,0,1790477796274,profile-5x10,erts_internal:is_process_alive/1,20,0.10749798441279225,33112478.42435094
25894a6,0,1790477796274,profile-5x10,erlang:port_get_data/1,2,0.010749798441279226,33112478.42435094
25894a6,0,1790477796274,profile-5x10,gen_server:call/3,2,0.010749798441279226,33112478.42435094
25894a6,0,1790477796274,profile-5x10,pgo_handler:receive_loop0/6,2,0.010749798441279226,33112478.42435094
25894a6,0,1790477796274,profile-5x10,pgo_pool:start_deadline/5,2,0.010749798441279226,33112478.42435094
