commit,dirty,timestamp_unix_ms,label,bucket,calls_delta,total_exec_time_ms_delta
25894a6,0,1790477278177,l1-1x10x1xc0,other,0,0.0
25894a6,0,1790477278177,l1-1x10x1xc0,ack,24000,472.13248499999895
25894a6,0,1790477278177,l1-1x10x1xc0,claim_or_other_grind,24655,3418.879929
25894a6,0,1790477278177,l1-1x10x1xc0,ledger,12001,68.76970499999797
25894a6,0,1790477278177,l1-1x10x1xc0,quarantine,12012,60.496691999999136
25894a6,0,1790477294678,l1-1x10x1xc0,other,0,0.0
25894a6,0,1790477294678,l1-1x10x1xc0,ack,24000,456.2217660000024
25894a6,0,1790477294678,l1-1x10x1xc0,claim_or_other_grind,24634,3295.464425999997
25894a6,0,1790477294678,l1-1x10x1xc0,ledger,12001,65.70347099999827
25894a6,0,1790477294678,l1-1x10x1xc0,quarantine,12012,58.85617199999902
25894a6,0,1790477311410,l1-1x10x1xc0,other,0,0.0
25894a6,0,1790477311410,l1-1x10x1xc0,ack,24000,479.35075900000265
25894a6,0,1790477311410,l1-1x10x1xc0,claim_or_other_grind,24642,3385.3130949999995
25894a6,0,1790477311410,l1-1x10x1xc0,ledger,12001,67.8292449999974
25894a6,0,1790477311410,l1-1x10x1xc0,quarantine,12012,60.445821999999026
25894a6,0,1790477346597,l1-2x10x1xc0,other,0,1.4210854715202004e-14
25894a6,0,1790477346597,l1-2x10x1xc0,ack,40000,903.3125080000009
25894a6,0,1790477346597,l1-2x10x1xc0,claim_or_other_grind,40414,4602.931502000003
25894a6,0,1790477346597,l1-2x10x1xc0,ledger,20001,141.12114799999517
25894a6,0,1790477346597,l1-2x10x1xc0,quarantine,20026,171.2372580000008
25894a6,0,1790477362006,l1-2x10x1xc0,other,0,1.4210854715202004e-14
25894a6,0,1790477362006,l1-2x10x1xc0,ack,40000,840.5622999999996
25894a6,0,1790477362006,l1-2x10x1xc0,claim_or_other_grind,40388,4227.13792999999
25894a6,0,1790477362006,l1-2x10x1xc0,ledger,20001,129.72889400000577
25894a6,0,1790477362006,l1-2x10x1xc0,quarantine,20026,161.7996920000005
25894a6,0,1790477379287,l1-2x10x1xc0,other,0,-1.4210854715202004e-14
25894a6,0,1790477379287,l1-2x10x1xc0,ack,40000,943.970911999997
25894a6,0,1790477379287,l1-2x10x1xc0,claim_or_other_grind,40450,4968.965100999998
25894a6,0,1790477379287,l1-2x10x1xc0,ledger,20001,155.08742299999972
25894a6,0,1790477379287,l1-2x10x1xc0,quarantine,20026,177.22913700000106
25894a6,0,1790477417958,l1-1x50x1xc0,other,0,0.0
25894a6,0,1790477417958,l1-1x50x1xc0,ack,20000,552.668968
25894a6,0,1790477417958,l1-1x50x1xc0,claim_or_other_grind,20937,3984.6859769999937
25894a6,0,1790477417958,l1-1x50x1xc0,ledger,10001,114.6623369999927
25894a6,0,1790477417958,l1-1x50x1xc0,quarantine,10052,188.6874229999994
25894a6,0,1790477434140,l1-1x50x1xc0,other,0,-2.842170943040401e-14
25894a6,0,1790477434140,l1-1x50x1xc0,ack,20000,462.06878600000164
25894a6,0,1790477434140,l1-1x50x1xc0,claim_or_other_grind,20807,3336.2667359999905
25894a6,0,1790477434140,l1-1x50x1xc0,ledger,10001,91.5096250000006
25894a6,0,1790477434140,l1-1x50x1xc0,quarantine,10052,161.05213800000024
25894a6,0,1790477449697,l1-1x50x1xc0,other,0,0.0
25894a6,0,1790477449697,l1-1x50x1xc0,ack,20000,454.7693899999995
25894a6,0,1790477449697,l1-1x50x1xc0,claim_or_other_grind,20756,3094.3164549999856
25894a6,0,1790477449697,l1-1x50x1xc0,ledger,10001,88.98472199998992
25894a6,0,1790477449697,l1-1x50x1xc0,quarantine,10052,154.4114120000006
25894a6,0,1790477482246,l1-4x10x2xc0,other,0,0.0
25894a6,0,1790477482246,l1-4x10x2xc0,ack,60000,1442.273893999989
25894a6,0,1790477482246,l1-4x10x2xc0,claim_or_other_grind,60269,5323.364442999991
25894a6,0,1790477482246,l1-4x10x2xc0,ledger,30001,245.56214900001532
25894a6,0,1790477482246,l1-4x10x2xc0,quarantine,30055,449.7101290000023
25894a6,0,1790477498246,l1-4x10x2xc0,other,0,0.0
25894a6,0,1790477498246,l1-4x10x2xc0,ack,60000,1443.3422530000134
25894a6,0,1790477498246,l1-4x10x2xc0,claim_or_other_grind,60260,5222.462292999997
25894a6,0,1790477498246,l1-4x10x2xc0,ledger,30001,242.65397700000221
25894a6,0,1790477498246,l1-4x10x2xc0,quarantine,30052,445.9379850000005
25894a6,0,1790477514653,l1-4x10x2xc0,other,0,2.842170943040401e-14
25894a6,0,1790477514653,l1-4x10x2xc0,ack,60000,1460.127473000004
25894a6,0,1790477514653,l1-4x10x2xc0,claim_or_other_grind,60273,5172.074508999955
25894a6,0,1790477514653,l1-4x10x2xc0,ledger,30001,250.1677939999895
25894a6,0,1790477514653,l1-4x10x2xc0,quarantine,30054,455.8448149999999
25894a6,0,1790477543205,l1-4x10x1xc10,other,0,0.0
25894a6,0,1790477543205,l1-4x10x1xc10,ack,50000,1234.841316000009
25894a6,0,1790477543205,l1-4x10x1xc10,claim_or_other_grind,50266,4646.061161999998
25894a6,0,1790477543205,l1-4x10x1xc10,ledger,25001,271.20898199997373
25894a6,0,1790477543205,l1-4x10x1xc10,quarantine,25052,387.52341600000364
25894a6,0,1790477557246,l1-4x10x1xc10,other,0,0.0
25894a6,0,1790477557246,l1-4x10x1xc10,ack,50000,1211.6491079999942
25894a6,0,1790477557246,l1-4x10x1xc10,claim_or_other_grind,50259,4583.962965999992
25894a6,0,1790477557246,l1-4x10x1xc10,ledger,25001,253.64864799994848
25894a6,0,1790477557246,l1-4x10x1xc10,quarantine,25050,387.0986970000022
25894a6,0,1790477571458,l1-4x10x1xc10,other,0,0.0
25894a6,0,1790477571458,l1-4x10x1xc10,ack,50000,1262.86371899999
25894a6,0,1790477571458,l1-4x10x1xc10,claim_or_other_grind,50258,4332.582857999994
25894a6,0,1790477571458,l1-4x10x1xc10,ledger,25001,267.5342069999915
25894a6,0,1790477571458,l1-4x10x1xc10,quarantine,25050,391.39792800000123
